arc_length;U_1;U_1;U_1
0;0.0584904;0.0898859;0.118448
0.000299998;0.0584919;0.0898868;0.118446
0.000600003;0.0584934;0.0898878;0.118444
0.0009;0.058495;0.0898887;0.118442
0.0012;0.0584974;0.0898901;0.118439
0.0015;0.0585002;0.0898918;0.118435
0.0018;0.0585031;0.0898935;0.118431
0.0021;0.0585058;0.0898951;0.118428
0.0024;0.0585085;0.0898968;0.118424
0.0027;0.0585112;0.0898984;0.118421
0.003;0.0585139;0.0899001;0.118418
0.0033;0.0585168;0.0899021;0.118415
0.0036;0.0585197;0.089904;0.118413
0.0039;0.0585226;0.089906;0.11841
0.0042;0.0585258;0.0899083;0.118408
0.0045;0.058529;0.0899106;0.118405
0.0048;0.0585322;0.089913;0.118403
0.0051;0.0585356;0.0899155;0.118401
0.0054;0.0585392;0.0899184;0.1184
0.0057;0.0585428;0.0899213;0.118399
0.006;0.0585465;0.0899241;0.118397
0.0063;0.0585506;0.0899276;0.118396
0.0066;0.0585547;0.0899311;0.118396
0.0069;0.0585588;0.0899346;0.118395
0.0072;0.0585632;0.0899385;0.118395
0.0075;0.0585679;0.0899427;0.118395
0.0078;0.0585726;0.0899469;0.118395
0.0081;0.0585775;0.0899513;0.118396
0.0084;0.0585828;0.0899563;0.118398
0.0087;0.0585882;0.0899613;0.118399
0.009;0.0585935;0.0899664;0.118401
0.0093;0.0585996;0.0899723;0.118403
0.0096;0.0586056;0.0899782;0.118406
0.0099;0.0586117;0.0899842;0.118409
0.0102;0.0586183;0.0899908;0.118412
0.0105;0.0586252;0.0899978;0.118416
0.0108;0.0586322;0.0900048;0.118421
0.0111;0.0586394;0.0900121;0.118425
0.0114;0.0586472;0.0900203;0.118431
0.0117;0.058655;0.0900284;0.118437
0.012;0.0586628;0.0900365;0.118442
0.0123;0.0586717;0.0900459;0.11845
0.0126;0.0586805;0.0900554;0.118458
0.0129;0.0586894;0.0900648;0.118465
0.0132;0.0586989;0.0900751;0.118474
0.0135;0.0587089;0.0900859;0.118484
0.0138;0.0587188;0.0900968;0.118493
0.0141;0.0587291;0.0901081;0.118503
0.0144;0.0587403;0.0901204;0.118515
0.0147;0.0587514;0.0901327;0.118527
0.015;0.0587625;0.0901451;0.118539
0.0153;0.0587749;0.090159;0.118553
0.0156;0.0587873;0.090173;0.118567
0.0159;0.0587997;0.090187;0.118581
0.0162;0.058813;0.0902021;0.118597
0.0165;0.0588268;0.0902179;0.118613
0.0168;0.0588405;0.0902336;0.11863
0.0171;0.0588548;0.09025;0.118647
0.0174;0.05887;0.0902677;0.118667
0.0177;0.0588852;0.0902853;0.118686
0.018;0.0589004;0.090303;0.118706
0.0183;0.0589171;0.0903227;0.118728
0.0186;0.0589339;0.0903424;0.11875
0.0189;0.0589506;0.0903621;0.118773
0.0192;0.0589684;0.0903832;0.118797
0.0195;0.0589868;0.0904051;0.118823
0.0198;0.0590051;0.0904269;0.118848
0.0201;0.0590241;0.0904495;0.118875
0.0204;0.0590441;0.0904737;0.118904
0.0207;0.0590642;0.0904978;0.118933
0.021;0.0590842;0.090522;0.118963
0.0213;0.059106;0.0905486;0.118995
0.0216;0.0591278;0.0905752;0.119028
0.0219;0.0591496;0.0906019;0.119061
0.0222;0.0591727;0.0906302;0.119096
0.0225;0.0591963;0.0906594;0.119133
0.0228;0.05922;0.0906886;0.11917
0.0231;0.0592443;0.0907187;0.119208
0.0234;0.0592698;0.0907507;0.119249
0.0237;0.0592954;0.0907826;0.11929
0.024;0.059321;0.0908145;0.119331
0.0243;0.0593485;0.0908493;0.119377
0.0246;0.0593761;0.0908842;0.119422
0.0249;0.0594036;0.090919;0.119468
0.0252;0.0594325;0.0909558;0.119516
0.0255;0.0594621;0.0909937;0.119567
0.0258;0.0594917;0.0910315;0.119617
0.0261;0.059522;0.0910704;0.119669
0.0264;0.0595537;0.0911114;0.119724
0.0267;0.0595854;0.0911525;0.11978
0.027;0.0596171;0.0911935;0.119835
0.0273;0.0596509;0.0912379;0.119896
0.0276;0.0596848;0.0912822;0.119957
0.0279;0.0597186;0.0913266;0.120017
0.0282;0.0597539;0.0913733;0.120082
0.0285;0.05979;0.0914211;0.120149
0.0288;0.0598261;0.091469;0.120215
0.0291;0.0598629;0.0915181;0.120284
0.0294;0.0599012;0.0915696;0.120357
0.0297;0.0599395;0.0916211;0.120429
0.03;0.0599778;0.0916725;0.120502
0.0303;0.0600184;0.0917278;0.120581
0.0306;0.060059;0.0917831;0.12066
0.0309;0.0600996;0.0918384;0.120739
0.0312;0.0601417;0.0918963;0.120822
0.0315;0.0601846;0.0919556;0.120908
0.0318;0.0602275;0.0920149;0.120994
0.0321;0.0602712;0.0920755;0.121082
0.0324;0.0603164;0.0921388;0.121174
0.0327;0.0603617;0.0922022;0.121267
0.033;0.060407;0.0922656;0.12136
0.0333;0.0604546;0.0923332;0.12146
0.0336;0.0605022;0.0924009;0.121561
0.0339;0.0605498;0.0924685;0.121661
0.0342;0.060599;0.0925391;0.121766
0.0345;0.060649;0.0926112;0.121875
0.0348;0.060699;0.0926833;0.121983
0.0351;0.0607498;0.0927569;0.122094
0.0354;0.0608021;0.0928336;0.12221
0.0357;0.0608545;0.0929103;0.122327
0.036;0.0609069;0.0929869;0.122443
0.0363;0.0609616;0.0930684;0.122569
0.0366;0.0610163;0.0931499;0.122694
0.0369;0.0610711;0.0932313;0.122819
0.0372;0.0611274;0.093316;0.122951
0.0375;0.0611845;0.0934024;0.123085
0.0378;0.0612415;0.0934888;0.12322
0.0381;0.0612994;0.0935768;0.123357
0.0384;0.0613588;0.0936683;0.123501
0.0387;0.0614182;0.0937597;0.123645
0.039;0.0614776;0.0938512;0.123789
0.0393;0.0615393;0.0939479;0.123943
0.0396;0.061601;0.0940446;0.124097
0.0399;0.0616627;0.0941413;0.124251
0.0402;0.0617259;0.0942416;0.124412
0.0405;0.0617898;0.0943437;0.124577
0.0408;0.0618538;0.0944458;0.124742
0.0411;0.0619185;0.0945497;0.12491
0.0414;0.0619846;0.0946574;0.125086
0.0417;0.0620507;0.094765;0.125262
0.042;0.0621169;0.0948727;0.125438
0.0423;0.0621851;0.0949861;0.125625
0.0426;0.0622533;0.0950994;0.125812
0.0429;0.0623216;0.0952128;0.126
0.0432;0.0623911;0.0953301;0.126195
0.0435;0.0624614;0.0954493;0.126394
0.0438;0.0625317;0.0955685;0.126594
0.0441;0.0626026;0.0956897;0.126797
0.0444;0.0626747;0.0958149;0.12701
0.0447;0.0627469;0.0959402;0.127222
0.045;0.0628191;0.0960654;0.127434
0.0453;0.0628931;0.0961967;0.12766
0.0456;0.062967;0.0963281;0.127885
0.0459;0.063041;0.0964595;0.128111
0.0462;0.0631161;0.096595;0.128345
0.0465;0.0631917;0.0967327;0.128585
0.0468;0.0632673;0.0968703;0.128824
0.0471;0.0633498;0.0970218;0.129089
0.0474;0.0634462;0.0972008;0.129404
0.0477;0.0635426;0.0973798;0.12972
0.048;0.0636389;0.0975588;0.130035
0.0483;0.0636981;0.0976744;0.130243
0.0486;0.0637573;0.0977901;0.13045
0.0489;0.0638164;0.0979057;0.130657
0.0492;0.0638892;0.0980491;0.130916
0.0495;0.0639687;0.0982063;0.1312
0.0498;0.0640482;0.0983635;0.131485
0.0501;0.0641281;0.0985229;0.131774
0.0504;0.0642085;0.0986868;0.132075
0.0507;0.0642889;0.0988508;0.132376
0.051;0.0643693;0.0990147;0.132677
0.0513;0.0644503;0.0991854;0.132994
0.0516;0.0645313;0.0993561;0.133312
0.0519;0.0646123;0.0995268;0.13363
0.0522;0.0646936;0.0997021;0.133959
0.0525;0.0647749;0.0998797;0.134295
0.0528;0.0648562;0.100057;0.134631
0.0531;0.0649375;0.100237;0.134972
0.0534;0.0650188;0.100422;0.135326
0.0537;0.0651001;0.100606;0.13568
0.054;0.0651813;0.10079;0.136034
0.0543;0.0652622;0.100981;0.136408
0.0546;0.065343;0.101173;0.136781
0.0549;0.0654239;0.101364;0.137154
0.0552;0.0655042;0.10156;0.137541
0.0555;0.0655842;0.101758;0.137935
0.0558;0.0656642;0.101956;0.138328
0.0561;0.0657437;0.102157;0.138729
0.0564;0.0658223;0.102361;0.139143
0.0567;0.065901;0.102566;0.139558
0.057;0.0659796;0.102771;0.139972
0.0573;0.0660564;0.102983;0.140409
0.0576;0.0661331;0.103195;0.140845
0.0579;0.0662099;0.103406;0.141281
0.0582;0.0662849;0.103622;0.141733
0.0585;0.0663592;0.10384;0.142192
0.0588;0.0664334;0.104058;0.142651
0.0591;0.0665066;0.104279;0.143118
0.0594;0.0665776;0.104503;0.1436
0.0597;0.0666486;0.104727;0.144083
0.06;0.0667196;0.104951;0.144565
0.0603;0.0667866;0.105182;0.145072
0.0606;0.0668536;0.105412;0.145579
0.0609;0.0669206;0.105642;0.146086
0.0612;0.0669844;0.105876;0.14661
0.0615;0.0670465;0.106111;0.147143
0.0618;0.0671086;0.106347;0.147675
0.0621;0.0671687;0.106584;0.148216
0.0624;0.0672249;0.106825;0.148775
0.0627;0.0672811;0.107066;0.149333
0.063;0.0673373;0.107306;0.149892
0.0633;0.0673864;0.107551;0.150478
0.0636;0.0674355;0.107796;0.151063
0.0639;0.0674846;0.108041;0.151649
0.0642;0.0675281;0.108288;0.152253
0.0645;0.0675689;0.108536;0.152866
0.0648;0.0676096;0.108785;0.153479
0.0651;0.0676471;0.109033;0.154102
0.0654;0.0676779;0.109284;0.154744
0.0657;0.0677087;0.109534;0.155385
0.066;0.0677396;0.109785;0.156027
0.0663;0.0677588;0.110036;0.156698
0.0666;0.067778;0.110288;0.157369
0.0669;0.0677972;0.110539;0.15804
0.0672;0.0678073;0.11079;0.15873
0.0675;0.0678129;0.11104;0.15943
0.0678;0.0678185;0.111291;0.16013
0.0681;0.0678188;0.111541;0.16084
0.0684;0.0678084;0.111788;0.161569
0.0687;0.0677981;0.112036;0.162299
0.069;0.0677877;0.112284;0.163029
0.0693;0.0677588;0.112526;0.163787
0.0696;0.0677298;0.112768;0.164546
0.0699;0.0677009;0.113011;0.165305
0.0702;0.0676574;0.113247;0.166083
0.0705;0.0676067;0.113481;0.16687
0.0708;0.067556;0.113714;0.167657
0.0711;0.0674969;0.113943;0.168453
0.0714;0.0674208;0.114164;0.169267
0.0717;0.0673448;0.114385;0.170081
0.072;0.0672687;0.114606;0.170895
0.0723;0.0671628;0.114808;0.171733
0.0726;0.0670568;0.115011;0.172571
0.0729;0.0669509;0.115214;0.173409
0.0732;0.0668486;0.115376;0.174124
0.0735;0.0667482;0.115519;0.174778
0.0738;0.0666478;0.115661;0.175431
0.0741;0.0665063;0.115816;0.176226
0.0744;0.0662827;0.115998;0.177305
0.0747;0.066059;0.116179;0.178384
0.075;0.0658353;0.11636;0.179463
0.0753;0.0656315;0.116459;0.180263
0.0756;0.0654276;0.116558;0.181063
0.0759;0.0652237;0.116657;0.181863
0.0762;0.0649449;0.116751;0.18285
0.0765;0.0646287;0.116844;0.18393
0.0768;0.0643272;0.116882;0.18482
0.0771;0.0640276;0.116909;0.185675
0.0774;0.0636792;0.116895;0.186542
0.0777;0.0633224;0.11687;0.187403
0.078;0.0629402;0.116811;0.188245
0.0783;0.0625355;0.116726;0.189076
0.0786;0.0621106;0.116618;0.189898
0.0789;0.061648;0.116462;0.190695
0.0792;0.061169;0.116285;0.19148
0.0795;0.0606522;0.116059;0.192236
0.0798;0.0601054;0.115791;0.192964
0.0801;0.0595367;0.115493;0.193672
0.0804;0.058917;0.115123;0.194326
0.0807;0.058269;0.114709;0.194946
0.081;0.0575924;0.114253;0.195531
0.0813;0.0568584;0.113707;0.196039
0.0816;0.0560895;0.113103;0.196493
0.0819;0.0552845;0.11244;0.196892
0.0822;0.0544246;0.111683;0.197198
0.0825;0.0535134;0.110835;0.197409
0.0828;0.0525575;0.109904;0.197532
0.0831;0.0515537;0.108884;0.197555
0.0834;0.0504838;0.107734;0.19743
0.0837;0.0493536;0.106461;0.197155
0.084;0.0481664;0.105067;0.19673
0.0843;0.0469187;0.103541;0.196134
0.0846;0.0456071;0.10187;0.195343
0.0849;0.0442238;0.10003;0.194317
0.0852;0.0427625;0.0979958;0.193008
0.0855;0.0412297;0.0957751;0.191413
0.0858;0.0396228;0.0933524;0.189496
0.0861;0.0379397;0.0907111;0.187214
0.0864;0.0361784;0.087834;0.184519
0.0867;0.0343376;0.0847038;0.181358
0.087;0.0324163;0.081302;0.177669
0.0873;0.0304077;0.0775979;0.173367
0.0876;0.0283244;0.0735956;0.1684
0.0879;0.0258438;0.0686213;0.161805
0.0882;0.0236416;0.0640315;0.155355
0.0885;0.0217144;0.0599444;0.149466
0.0888;0.0194942;0.0549237;0.14149
0.0891;0.0172313;0.0496882;0.132872
0.0894;0.014883;0.0440233;0.122973
0.0897;0.0125787;0.0382232;0.112111
0.09;0.0102963;0.0323556;0.100768
0.0903;0.00815802;0.0265605;0.088973
0.0906;0.00610551;0.0208277;0.0762145
0.0909;0.00422445;0.0152193;0.0615281
0.0912;0.00276456;0.0112797;0.0564854
0.0915;0.00151528;0.00817445;0.0562644
0.0918;0.000606111;0.00326978;0.0225057
0.0921;nan;nan;nan
0.0924;nan;nan;nan
0.0927;nan;nan;nan
0.093;nan;nan;nan
0.0933;nan;nan;nan
0.0936;nan;nan;nan
0.0939;nan;nan;nan
0.0942;nan;nan;nan
0.0945;nan;nan;nan
0.0948;nan;nan;nan
0.0951;nan;nan;nan
0.0954;nan;nan;nan
0.0957;nan;nan;nan
0.096;nan;nan;nan
0.0963;nan;nan;nan
0.0966;nan;nan;nan
0.0969;nan;nan;nan
0.0972;nan;nan;nan
0.0975;nan;nan;nan
0.0978;nan;nan;nan
0.0981;nan;nan;nan
0.0984;nan;nan;nan
0.0987;nan;nan;nan
0.099;nan;nan;nan
0.0993;nan;nan;nan
0.0996;nan;nan;nan
0.0999;nan;nan;nan
0.1002;nan;nan;nan
0.1005;nan;nan;nan
0.1008;nan;nan;nan
0.1011;nan;nan;nan
0.1014;nan;nan;nan
0.1017;nan;nan;nan
0.102;nan;nan;nan
0.1023;nan;nan;nan
0.1026;nan;nan;nan
0.1029;nan;nan;nan
0.1032;nan;nan;nan
0.1035;nan;nan;nan
0.1038;nan;nan;nan
0.1041;nan;nan;nan
0.1044;nan;nan;nan
0.1047;nan;nan;nan
0.105;nan;nan;nan
0.1053;nan;nan;nan
0.1056;nan;nan;nan
0.1059;nan;nan;nan
0.1062;nan;nan;nan
0.1065;nan;nan;nan
0.1068;nan;nan;nan
0.1071;nan;nan;nan
0.1074;nan;nan;nan
0.1077;nan;nan;nan
0.108;2.11E-17;1.04E-16;5.98E-16
0.1083;0.0018916;0.00931737;0.0536905
0.1086;0.00428295;0.019658;0.103099
0.1089;0.00767377;0.0320452;0.143943
0.1092;0.0120401;0.0482705;0.202364
0.1095;0.0168943;0.0664149;0.269573
0.1098;0.0225503;0.0867213;0.340051
0.1101;0.0283735;0.107435;0.411131
0.1104;0.0345313;0.128964;0.483414
0.1107;0.0409112;0.150817;0.554648
0.111;0.0474022;0.172831;0.625357
0.1113;0.0537739;0.19402;0.692024
0.1116;0.0599436;0.214431;0.75596
0.1119;0.0657094;0.233284;0.814433
0.1122;0.0732223;0.257437;0.887526
0.1125;0.0802179;0.279468;0.95215
0.1128;0.0867544;0.299664;1.00966
0.1131;0.0931801;0.319206;1.06411
0.1134;0.0994978;0.338111;1.11558
0.1137;0.105709;0.356401;1.16424
0.114;0.111811;0.374083;1.21024
0.1143;0.1178;0.391165;1.2537
0.1146;0.123674;0.407658;1.29477
0.1149;0.129431;0.423578;1.33359
0.1152;0.135073;0.438942;1.3703
0.1155;0.1406;0.453771;1.40506
0.1158;0.146013;0.468087;1.43798
0.1161;0.151285;0.481784;1.46879
0.1164;0.156443;0.49499;1.49798
0.1167;0.161492;0.507743;1.52571
0.117;0.166435;0.520068;1.55211
0.1173;0.171267;0.531945;1.57714
0.1176;0.175962;0.543291;1.6006
0.1179;0.180561;0.554274;1.62303
0.1182;0.185069;0.564917;1.6445
0.1185;0.189457;0.575121;1.66477
0.1188;0.193733;0.584923;1.68397
0.1191;0.197929;0.594445;1.70244
0.1194;0.202024;0.603619;1.72
0.1197;0.206;0.612389;1.73656
0.12;0.209908;0.62093;1.75254
0.1203;0.213715;0.629137;1.76769
0.1206;0.217416;0.637003;1.782
0.1209;0.22106;0.644687;1.79586
0.1212;0.224581;0.651975;1.80875
0.1215;0.228032;0.659047;1.82107
0.1218;0.231412;0.66589;1.8328
0.1221;0.23468;0.672417;1.84384
0.1224;0.23791;0.678822;1.85452
0.1227;0.241028;0.684722;1.86317
0.123;0.244096;0.690621;1.87243
0.1233;0.247061;0.696521;1.88301
0.1236;0.250432;0.703799;1.89921
0.1239;0.254227;0.712514;1.92128
0.1242;0.257198;0.718939;1.93634
0.1245;0.259757;0.72422;1.94788
0.1248;0.262317;0.729501;1.95943
0.1251;0.264882;0.734634;1.97006
0.1254;0.267459;0.739474;1.97888
0.1257;0.270037;0.744314;1.98769
0.126;0.272614;0.749154;1.9965
0.1263;0.275103;0.754053;2.00674
0.1266;0.277593;0.758952;2.01697
0.1269;0.280082;0.763852;2.02721
0.1272;0.282472;0.768498;2.03694
0.1275;0.284813;0.773017;2.04642
0.1278;0.287154;0.777537;2.0559
0.1281;0.289455;0.781972;2.06521
0.1284;0.291679;0.786239;2.07418
0.1287;0.293903;0.790505;2.08314
0.129;0.296127;0.794772;2.09211
0.1293;0.29824;0.798799;2.10064
0.1296;0.300352;0.802826;2.10916
0.1299;0.302465;0.806853;2.11769
0.1302;0.304509;0.810731;2.12593
0.1305;0.306518;0.814534;2.13402
0.1308;0.308527;0.818337;2.14211
0.1311;0.310505;0.822072;2.15007
0.1314;0.312418;0.82567;2.15775
0.1317;0.314332;0.829268;2.16543
0.132;0.316245;0.832866;2.17311
0.1323;0.31807;0.836276;2.18041
0.1326;0.319894;0.839686;2.18772
0.1329;0.321719;0.843097;2.19502
0.1332;0.323488;0.846392;2.20209
0.1335;0.32523;0.849631;2.20904
0.1338;0.326973;0.852869;2.216
0.1341;0.328689;0.856056;2.22285
0.1344;0.330355;0.859138;2.22948
0.1347;0.332021;0.862221;2.23612
0.135;0.333687;0.865303;2.24276
0.1353;0.335282;0.868243;2.24911
0.1356;0.336877;0.871184;2.25545
0.1359;0.338472;0.874124;2.2618
0.1362;0.340024;0.876978;2.26797
0.1365;0.341553;0.879788;2.27405
0.1368;0.343083;0.882599;2.28013
0.1371;0.344592;0.88537;2.28613
0.1374;0.346061;0.888063;2.29197
0.1377;0.34753;0.890755;2.29781
0.138;0.348998;0.893447;2.30365
0.1383;0.35041;0.896032;2.30927
0.1386;0.351822;0.898617;2.31488
0.1389;0.353234;0.901202;2.3205
0.1392;0.354611;0.903721;2.32598
0.1395;0.35597;0.906207;2.33139
0.1398;0.357329;0.908693;2.3368
0.1401;0.358671;0.91115;2.34215
0.1404;0.359981;0.913546;2.34737
0.1407;0.36129;0.915942;2.3526
0.141;0.362599;0.918339;2.35782
0.1413;0.363862;0.920652;2.36287
0.1416;0.365125;0.922966;2.36792
0.1419;0.366388;0.92528;2.37297
0.1422;0.367622;0.927543;2.37791
0.1425;0.368842;0.929781;2.3828
0.1428;0.370061;0.932019;2.38769
0.1431;0.371267;0.934233;2.39253
0.1434;0.372445;0.936402;2.39727
0.1437;0.373623;0.93857;2.40201
0.144;0.374802;0.940738;2.40675
0.1443;0.375941;0.942843;2.41135
0.1446;0.377081;0.944947;2.41595
0.1449;0.37822;0.947051;2.42055
0.1452;0.379336;0.949116;2.42507
0.1455;0.380438;0.951161;2.42954
0.1458;0.381541;0.953207;2.43401
0.1461;0.382633;0.955234;2.43845
0.1464;0.383701;0.957224;2.4428
0.1467;0.384769;0.959215;2.44715
0.147;0.385837;0.961205;2.45151
0.1473;0.386872;0.963146;2.45575
0.1476;0.387907;0.965086;2.45999
0.1479;0.388942;0.967026;2.46423
0.1482;0.389955;0.968934;2.4684
0.1485;0.390959;0.970828;2.47254
0.1488;0.391962;0.972721;2.47668
0.1491;0.392956;0.9746;2.48078
0.1494;0.393929;0.97645;2.48481
0.1497;0.394902;0.9783;2.48885
0.15;0.395875;0.98015;2.49289
0.1503;0.396819;0.981959;2.49683
0.1506;0.397763;0.983769;2.50078
0.1509;0.398707;0.985578;2.50472
0.1512;0.399633;0.987363;2.50861
0.1515;0.400549;0.989135;2.51247
0.1518;0.401465;0.990907;2.51633
0.1521;0.402372;0.992667;2.52016
0.1524;0.403261;0.994404;2.52393
0.1527;0.404151;0.99614;2.52771
0.153;0.40504;0.997877;2.53148
0.1533;0.405903;0.999582;2.53518
0.1536;0.406767;1.00129;2.53888
0.1539;0.40763;1.00299;2.54257
0.1542;0.408476;1.00467;2.54622
0.1545;0.409314;1.00635;2.54985
0.1548;0.410152;1.00802;2.55347
0.1551;0.410982;1.00969;2.55707
0.1554;0.411795;1.01133;2.56063
0.1557;0.412609;1.01297;2.56418
0.156;0.413422;1.01462;2.56774
0.1563;0.414212;1.01624;2.57123
0.1566;0.415001;1.01785;2.57472
0.1569;0.41579;1.01947;2.5782
0.1572;0.416564;1.02107;2.58165
0.1575;0.41733;1.02267;2.58508
0.1578;0.418096;1.02426;2.5885
0.1581;0.418854;1.02585;2.59191
0.1584;0.419597;1.02741;2.59527
0.1587;0.42034;1.02898;2.59864
0.159;0.421083;1.03055;2.602
0.1593;0.421803;1.0321;2.60531
0.1596;0.422523;1.03365;2.60862
0.1599;0.423243;1.03519;2.61193
0.1602;0.423949;1.03672;2.6152
0.1605;0.424647;1.03825;2.61846
0.1608;0.425344;1.03977;2.62171
0.1611;0.426035;1.04129;2.62495
0.1614;0.426711;1.04279;2.62815
0.1617;0.427387;1.0443;2.63135
0.162;0.428063;1.0458;2.63456
0.1623;0.428717;1.04729;2.63771
0.1626;0.429371;1.04877;2.64086
0.1629;0.430025;1.05026;2.64401
0.1632;0.430665;1.05173;2.64713
0.1635;0.431298;1.0532;2.65023
0.1638;0.43193;1.05467;2.65334
0.1641;0.432556;1.05613;2.65643
0.1644;0.433167;1.05758;2.65948
0.1647;0.433778;1.05903;2.66254
0.165;0.434388;1.06048;2.6656
0.1653;0.434978;1.06191;2.66861
0.1656;0.435568;1.06334;2.67162
0.1659;0.436157;1.06478;2.67464
0.1662;0.436733;1.0662;2.67762
0.1665;0.437301;1.06762;2.68059
0.1668;0.43787;1.06903;2.68356
0.1671;0.438431;1.07045;2.68652
0.1674;0.438978;1.07185;2.68945
0.1677;0.439525;1.07325;2.69238
0.168;0.440072;1.07465;2.6953
0.1683;0.440597;1.07604;2.6982
0.1686;0.441123;1.07743;2.70109
0.1689;0.441648;1.07882;2.70398
0.1692;0.44216;1.0802;2.70684
0.1695;0.442664;1.08157;2.7097
0.1698;0.443168;1.08294;2.71255
0.1701;0.443665;1.08431;2.71539
0.1704;0.444148;1.08567;2.71821
0.1707;0.444631;1.08703;2.72103
0.171;0.445114;1.08839;2.72384
0.1713;0.445575;1.08974;2.72663
0.1716;0.446036;1.09108;2.72941
0.1719;0.446497;1.09243;2.73219
0.1722;0.446944;1.09376;2.73495
0.1725;0.447384;1.0951;2.73769
0.1728;0.447823;1.09643;2.74044
0.1731;0.448256;1.09776;2.74318
0.1734;0.448673;1.09908;2.74589
0.1737;0.449091;1.1004;2.74861
0.174;0.449509;1.10172;2.75132
0.1743;0.449905;1.10303;2.754
0.1746;0.4503;1.10433;2.75668
0.1749;0.450696;1.10564;2.75936
0.1752;0.451077;1.10694;2.76202
0.1755;0.451451;1.10824;2.76468
0.1758;0.451824;1.10953;2.76733
0.1761;0.452191;1.11082;2.76997
0.1764;0.452542;1.11211;2.77259
0.1767;0.452893;1.11339;2.77521
0.177;0.453244;1.11467;2.77783
0.1773;0.453573;1.11595;2.78041
0.1776;0.453901;1.11722;2.783
0.1779;0.45423;1.1185;2.78559
0.1782;0.454543;1.11976;2.78816
0.1785;0.454849;1.12102;2.79073
0.1788;0.455154;1.12228;2.79329
0.1791;0.455452;1.12354;2.79584
0.1794;0.455735;1.12479;2.79837
0.1797;0.456017;1.12604;2.8009
0.18;0.4563;1.12729;2.80344
0.1803;0.456559;1.12853;2.80594
0.1806;0.456818;1.12976;2.80844
0.1809;0.457077;1.131;2.81095
0.1812;0.457321;1.13223;2.81343
0.1815;0.457556;1.13346;2.81591
0.1818;0.457791;1.13469;2.81839
0.1821;0.458018;1.13591;2.82085
0.1824;0.458229;1.13713;2.82331
0.1827;0.458441;1.13834;2.82576
0.183;0.458652;1.13956;2.82821
0.1833;0.458839;1.14077;2.83063
0.1836;0.459025;1.14197;2.83306
0.1839;0.459212;1.14318;2.83548
0.1842;0.459383;1.14438;2.83789
0.1845;0.459545;1.14557;2.84028
0.1848;0.459707;1.14677;2.84268
0.1851;0.45986;1.14796;2.84507
0.1854;0.459997;1.14914;2.84744
0.1857;0.460134;1.15033;2.84981
0.186;0.460271;1.15151;2.85218
0.1863;0.460382;1.15268;2.85453
0.1866;0.460493;1.15386;2.85688
0.1869;0.460604;1.15503;2.85922
0.1872;0.460698;1.1562;2.86155
0.1875;0.460784;1.15736;2.86388
0.1878;0.460869;1.15852;2.8662
0.1881;0.460946;1.15968;2.86851
0.1884;0.461005;1.16083;2.87081
0.1887;0.461064;1.16198;2.87311
0.189;0.461123;1.16314;2.8754
0.1893;0.461155;1.16428;2.87768
0.1896;0.461188;1.16542;2.87995
0.1899;0.46122;1.16656;2.88222
0.1902;0.461234;1.16769;2.88448
0.1905;0.46124;1.16882;2.88673
0.1908;0.461245;1.16996;2.88897
0.1911;0.461241;1.17108;2.89121
0.1914;0.46122;1.1722;2.89344
0.1917;0.461198;1.17332;2.89566
0.192;0.461176;1.17444;2.89789
0.1923;0.461126;1.17555;2.90009
0.1926;0.461076;1.17666;2.90229
0.1929;0.461027;1.17777;2.90449
0.1932;0.460959;1.17887;2.90668
0.1935;0.460881;1.17997;2.90886
0.1938;0.460804;1.18107;2.91104
0.1941;0.460717;1.18217;2.91321
0.1944;0.460611;1.18325;2.91536
0.1947;0.460505;1.18434;2.91752
0.195;0.460399;1.18543;2.91968
0.1953;0.460265;1.18651;2.92181
0.1956;0.46013;1.18758;2.92394
0.1959;0.459996;1.18866;2.92607
0.1962;0.459842;1.18973;2.92819
0.1965;0.459678;1.1908;2.9303
0.1968;0.459514;1.19186;2.93241
0.1971;0.459341;1.19292;2.93451
0.1974;0.459147;1.19398;2.9366
0.1977;0.458954;1.19504;2.93868
0.198;0.458761;1.19609;2.94077
0.1983;0.458537;1.19714;2.94284
0.1986;0.458314;1.19818;2.9449
0.1989;0.458091;1.19923;2.94697
0.1992;0.457847;1.20027;2.94902
0.1995;0.457594;1.2013;2.95106
0.1998;0.457341;1.20234;2.9531
0.2001;0.457077;1.20337;2.95514
0.2004;0.456793;1.20439;2.95716
0.2007;0.456508;1.20542;2.95918
0.201;0.456224;1.20644;2.9612
0.2013;0.455909;1.20745;2.9632
0.2016;0.455594;1.20846;2.9652
0.2019;0.455279;1.20948;2.96719
0.2022;0.454942;1.21048;2.96918
0.2025;0.454596;1.21148;2.97116
0.2028;0.454249;1.21248;2.97313
0.2031;0.453892;1.21348;2.9751
0.2034;0.453514;1.21447;2.97706
0.2037;0.453135;1.21547;2.97901
0.204;0.452757;1.21646;2.98096
0.2043;0.452346;1.21744;2.9829
0.2046;0.451936;1.21842;2.98483
0.2049;0.451525;1.2194;2.98676
0.2052;0.451093;1.22037;2.98868
0.2055;0.45065;1.22134;2.9906
0.2058;0.450207;1.22231;2.99251
0.2061;0.449753;1.22328;2.99441
0.2064;0.449278;1.22424;2.9963
0.2067;0.448802;1.22519;2.99819
0.207;0.448327;1.22615;3.00008
0.2073;0.447818;1.2271;3.00195
0.2076;0.44731;1.22805;3.00382
0.2079;0.446801;1.22899;3.00569
0.2082;0.446271;1.22993;3.00754
0.2085;0.445729;1.23087;3.00939
0.2088;0.445188;1.2318;3.01124
0.2091;0.444635;1.23274;3.01308
0.2094;0.44406;1.23366;3.01491
0.2097;0.443485;1.23459;3.01673
0.21;0.442909;1.23551;3.01856
0.2103;0.442301;1.23642;3.02037
0.2106;0.441692;1.23734;3.02217
0.2109;0.441083;1.23825;3.02398
0.2112;0.440452;1.23915;3.02577
0.2115;0.439809;1.24006;3.02755
0.2118;0.439167;1.24096;3.02934
0.2121;0.438513;1.24185;3.03112
0.2124;0.437837;1.24274;3.03288
0.2127;0.43716;1.24363;3.03464
0.213;0.436484;1.24452;3.0364
0.2133;0.435774;1.2454;3.03815
0.2136;0.435063;1.24628;3.03989
0.2139;0.434353;1.24715;3.04163
0.2142;0.43362;1.24802;3.04336
0.2145;0.432875;1.24889;3.04508
0.2148;0.43213;1.24975;3.0468
0.2151;0.431374;1.25061;3.04852
0.2154;0.430596;1.25147;3.05022
0.2157;0.429817;1.25232;3.05192
0.216;0.429038;1.25317;3.05362
0.2163;0.428225;1.25402;3.0553
0.2166;0.427412;1.25485;3.05698
0.2169;0.426599;1.2557;3.05866
0.2172;0.425763;1.25653;3.06032
0.2175;0.424916;1.25735;3.06198
0.2178;0.424068;1.25818;3.06364
0.2181;0.42321;1.259;3.06529
0.2184;0.422328;1.25981;3.06692
0.2187;0.421447;1.26063;3.06856
0.219;0.420566;1.26144;3.0702
0.2193;0.41965;1.26224;3.07181
0.2196;0.418735;1.26304;3.07343
0.2199;0.417819;1.26384;3.07505
0.2202;0.416881;1.26463;3.07665
0.2205;0.415932;1.26541;3.07825
0.2208;0.414983;1.2662;3.07984
0.2211;0.414022;1.26698;3.08143
0.2214;0.413039;1.26775;3.08301
0.2217;0.412056;1.26852;3.08458
0.222;0.411073;1.26928;3.08616
0.2223;0.410056;1.27004;3.08771
0.2226;0.409039;1.27079;3.08927
0.2229;0.408023;1.27155;3.09082
0.2232;0.406984;1.27229;3.09236
0.2235;0.405934;1.27303;3.0939
0.2238;0.404884;1.27376;3.09543
0.2241;0.403823;1.2745;3.09696
0.2244;0.40274;1.27522;3.09847
0.2247;0.401657;1.27593;3.09998
0.225;0.400574;1.27666;3.1015
0.2253;0.399458;1.27736;3.10299
0.2256;0.398342;1.27806;3.10448
0.2259;0.397227;1.27876;3.10597
0.2262;0.396089;1.27945;3.10745
0.2265;0.394941;1.28013;3.10892
0.2268;0.393793;1.28082;3.1104
0.2271;0.392635;1.28149;3.11186
0.2274;0.391455;1.28216;3.11331
0.2277;0.390275;1.28282;3.11477
0.228;0.389096;1.28348;3.11622
0.2283;0.387884;1.28413;3.11765
0.2286;0.386673;1.28477;3.11908
0.2289;0.385462;1.28541;3.12051
0.2292;0.38423;1.28604;3.12193
0.2295;0.382988;1.28666;3.12334
0.2298;0.381746;1.28728;3.12475
0.2301;0.380494;1.28789;3.12615
0.2304;0.379221;1.28848;3.12754
0.2307;0.377949;1.28908;3.12893
0.231;0.376676;1.28968;3.13032
0.2313;0.375374;1.29024;3.13168
0.2316;0.374072;1.29082;3.13305
0.2319;0.37277;1.29139;3.13441
0.2322;0.371448;1.29194;3.13577
0.2325;0.370117;1.29248;3.13711
0.2328;0.368786;1.29302;3.13845
0.2331;0.367445;1.29356;3.13979
0.2334;0.366085;1.29407;3.14111
0.2337;0.364726;1.29458;3.14244
0.234;0.363366;1.29509;3.14376
0.2343;0.361979;1.29558;3.14506
0.2346;0.360591;1.29606;3.14636
0.2349;0.359204;1.29654;3.14766
0.2352;0.357799;1.297;3.14895
0.2355;0.356384;1.29745;3.15023
0.2358;0.35497;1.2979;3.15151
0.2361;0.353547;1.29833;3.15278
0.2364;0.352107;1.29875;3.15404
0.2367;0.350667;1.29916;3.1553
0.237;0.349226;1.29957;3.15656
0.2373;0.347761;1.29994;3.15779
0.2376;0.346295;1.30032;3.15903
0.2379;0.34483;1.30069;3.16026
0.2382;0.343348;1.30104;3.16148
0.2385;0.341858;1.30137;3.16269
0.2388;0.340368;1.30171;3.1639
0.2391;0.33887;1.30203;3.16511
0.2394;0.337356;1.30231;3.1663
0.2397;0.335843;1.3026;3.16748
0.24;0.334329;1.30289;3.16867
0.2403;0.332794;1.30313;3.16984
0.2406;0.331258;1.30337;3.171
0.2409;0.329722;1.30361;3.17217
0.2412;0.328172;1.30382;3.17331
0.2415;0.326614;1.30401;3.17445
0.2418;0.325057;1.3042;3.17559
0.2421;0.323492;1.30437;3.17672
0.2424;0.321915;1.3045;3.17783
0.2427;0.320337;1.30464;3.17895
0.243;0.318758;1.30477;3.18006
0.2433;0.317161;1.30485;3.18114
0.2436;0.315563;1.30492;3.18223
0.2439;0.313966;1.305;3.18331
0.2442;0.312356;1.30503;3.18438
0.2445;0.31074;1.30504;3.18544
0.2448;0.309124;1.30506;3.1865
0.2451;0.307502;1.30505;3.18754
0.2454;0.305868;1.30499;3.18857
0.2457;0.304235;1.30493;3.18959
0.246;0.302601;1.30488;3.19062
0.2463;0.300951;1.30474;3.19161
0.2466;0.299301;1.30461;3.1926
0.2469;0.297651;1.30448;3.19359
0.2472;0.295991;1.3043;3.19456
0.2475;0.294325;1.30409;3.19552
0.2478;0.29266;1.30388;3.19648
0.2481;0.290989;1.30364;3.19742
0.2484;0.289309;1.30335;3.19834
0.2487;0.287629;1.30306;3.19925
0.249;0.285949;1.30276;3.20017
0.2493;0.284256;1.30238;3.20104
0.2496;0.282563;1.30199;3.20191
0.2499;0.28087;1.30161;3.20279
0.2502;0.279168;1.30116;3.20363
0.2505;0.277463;1.30068;3.20445
0.2508;0.275757;1.30019;3.20528
0.2511;0.274048;1.29968;3.20608
0.2514;0.272331;1.29909;3.20685
0.2517;0.270615;1.2985;3.20762
0.252;0.268898;1.29792;3.20839
0.2523;0.267172;1.29722;3.20909
0.2526;0.265445;1.29652;3.2098
0.2529;0.263719;1.29582;3.21051
0.2532;0.261986;1.29504;3.21117
0.2535;0.260251;1.29422;3.21181
0.2538;0.258516;1.2934;3.21245
0.2541;0.256778;1.29254;3.21306
0.2544;0.255035;1.29159;3.21361
0.2547;0.253292;1.29064;3.21417
0.255;0.251549;1.28969;3.21473
0.2553;0.249799;1.2886;3.2152
0.2556;0.24805;1.28751;3.21566
0.2559;0.2463;1.28642;3.21613
0.2562;0.244547;1.28523;3.21653
0.2565;0.242792;1.28399;3.21689
0.2568;0.241037;1.28276;3.21725
0.2571;0.23928;1.28146;3.21757
0.2574;0.237521;1.28007;3.21781
0.2577;0.235761;1.27867;3.21806
0.258;0.234002;1.27727;3.2183
0.2583;0.232238;1.2757;3.2184
0.2586;0.230475;1.27413;3.21851
0.2589;0.228712;1.27256;3.21861
0.2592;0.226947;1.27087;3.21862
0.2595;0.225182;1.26912;3.21856
0.2598;0.223416;1.26736;3.21851
0.2601;0.22165;1.26554;3.2184
0.2604;0.219883;1.26359;3.21817
0.2607;0.218116;1.26165;3.21793
0.261;0.216349;1.2597;3.2177
0.2613;0.214581;1.25754;3.21725
0.2616;0.212812;1.25538;3.21681
0.2619;0.211045;1.25323;3.21637
0.2622;0.209277;1.25092;3.21577
0.2625;0.207509;1.24854;3.21509
0.2628;0.205742;1.24616;3.2144
0.2631;0.203974;1.24371;3.21363
0.2634;0.202208;1.24109;3.21268
0.2637;0.200442;1.23847;3.21172
0.264;0.198675;1.23586;3.21077
0.2643;0.19691;1.23299;3.2095
0.2646;0.195146;1.23012;3.20823
0.2649;0.193381;1.22725;3.20696
0.2652;0.191618;1.2242;3.20545
0.2655;0.189856;1.22107;3.20383
0.2658;0.188094;1.21793;3.2022
0.2661;0.186334;1.2147;3.20044
0.2664;0.184575;1.21128;3.19841
0.2667;0.182817;1.20786;3.19637
0.267;0.181059;1.20444;3.19434
0.2673;0.179304;1.20072;3.19185
0.2676;0.17755;1.197;3.18935
0.2679;0.175796;1.19327;3.18686
0.2682;0.174044;1.18934;3.18401
0.2685;0.172295;1.1853;3.18099
0.2688;0.170546;1.18126;3.17797
0.2691;0.168798;1.17711;3.17475
0.2694;0.167054;1.17273;3.17112
0.2697;0.16531;1.16835;3.1675
0.27;0.163566;1.16397;3.16388
0.2703;0.161828;1.15924;3.15958
0.2706;0.160089;1.1545;3.15528
0.2709;0.158351;1.14977;3.15098
0.2712;0.156617;1.14479;3.14617
0.2715;0.154886;1.13968;3.14111
0.2718;0.153154;1.13457;3.13604
0.2721;0.151424;1.12934;3.13069
0.2724;0.149699;1.12384;3.12476
0.2727;0.147975;1.11834;3.11883
0.273;0.14625;1.11284;3.11289
0.2733;0.144532;1.10693;3.106
0.2736;0.142815;1.10101;3.0991
0.2739;0.141097;1.0951;3.0922
0.2742;0.139384;1.0889;3.08459
0.2745;0.137674;1.08256;3.07661
0.2748;0.135964;1.07622;3.06863
0.2751;0.134257;1.06973;3.06026
0.2754;0.132555;1.06293;3.05108
0.2757;0.130853;1.05614;3.0419
0.276;0.129151;1.04935;3.03273
0.2763;0.127457;1.04209;3.02222
0.2766;0.125763;1.03483;3.01171
0.2769;0.124069;1.02757;3.0012
0.2772;0.12238;1.01999;2.98971
0.2775;0.120694;1.01225;2.97774
0.2778;0.119008;1.00451;2.96576
0.2781;0.117325;0.996596;2.95325
0.2784;0.115648;0.988352;2.93967
0.2787;0.11397;0.980108;2.92608
0.279;0.112293;0.971864;2.91249
0.2793;0.110624;0.963104;2.89715
0.2796;0.108954;0.954345;2.8818
0.2799;0.107285;0.945585;2.86646
0.2802;0.105622;0.936473;2.84983
0.2805;0.103961;0.927183;2.83257
0.2808;0.1023;0.917894;2.81531
0.2811;0.100641;0.908425;2.79735
0.2814;0.0989887;0.898595;2.77802
0.2817;0.097336;0.888764;2.75868
0.282;0.0956834;0.878935;2.73935
0.2823;0.0940387;0.868553;2.71778
0.2826;0.092394;0.858172;2.69621
0.2829;0.0907494;0.847792;2.67464
0.2832;0.08911;0.837038;2.65148
0.2835;0.0874731;0.826099;2.62752
0.2838;0.0858363;0.815161;2.60356
0.2841;0.084202;0.804034;2.57875
0.2844;0.0825727;0.792532;2.55225
0.2847;0.0809434;0.781031;2.52575
0.285;0.0793141;0.769529;2.49925
0.2853;0.077692;0.757463;2.47006
0.2856;0.07607;0.745397;2.44087
0.2859;0.0744479;0.733331;2.41168
0.2862;0.0728303;0.72089;2.38061
0.2865;0.0712151;0.708262;2.3486
0.2868;0.0695998;0.695634;2.31659
0.2871;0.0679866;0.68282;2.2836
0.2874;0.0663778;0.669635;2.24865
0.2877;0.0647689;0.656449;2.21369
0.288;0.0631599;0.643264;2.17874
0.2883;0.0615571;0.629532;2.14074
0.2886;0.0599541;0.6158;2.10274
0.2889;0.0583512;0.602067;2.06475
0.2892;0.0567519;0.58798;2.02467
0.2895;0.0551545;0.573714;1.98355
0.2898;0.053557;0.559448;1.94243
0.2901;0.0519613;0.545012;1.90025
0.2904;0.0503688;0.530231;1.85595
0.2907;0.0487763;0.51545;1.81165
0.291;0.047184;0.500671;1.76735
0.2913;0.0455961;0.485399;1.71985
0.2916;0.0440082;0.470127;1.67234
0.2919;0.0424204;0.454857;1.62484
0.2922;0.0408354;0.439277;1.57521
0.2925;0.0392517;0.423544;1.5245
0.2928;0.0376681;0.407811;1.4738
0.2931;0.0360857;0.391935;1.42204
0.2934;0.0345059;0.375776;1.36818
0.2937;0.0329261;0.359616;1.31431
0.294;0.0313463;0.343456;1.26045
0.2943;0.0297701;0.326912;1.20351
0.2946;0.0281939;0.310367;1.14657
0.2949;0.0266176;0.293821;1.08963
0.2952;0.0250438;0.277053;1.03073
0.2955;0.023471;0.260171;0.970854
0.2958;0.0218983;0.24329;0.910978
0.2961;0.0203268;0.226317;0.850221
0.2964;0.0187575;0.209159;0.787693
0.2967;0.0171882;0.192001;0.725165
0.297;0.015619;0.174844;0.66264
0.2973;0.0140531;0.157461;0.597667
0.2976;0.0124873;0.140078;0.532694
0.2979;0.0109215;0.122696;0.467725
0.2982;0.0093584;0.105237;0.401829
0.2985;0.00779663;0.0877398;0.335471
0.2988;0.00623494;0.0702435;0.269116
0.2991;0.00493386;0.0556608;0.213791
0.2994;0.00415416;0.0469071;0.180529
0.2997;0.00337451;0.0381538;0.14727
0.3;0.00259481;0.0294001;0.114009
